TRUNCATE TABLE accounts;
INSERT INTO accounts ("userId", name, telephone, address, "cashoutAccount") VALUES
(1, '索拉能源股份有限公司', '02-12345678', '台北市XXXXXXXXXXXXX', '1234567890');

TRUNCATE TABLE apikeys RESTART IDENTITY;
INSERT INTO apikeys (key, secret, "readInfo", trade, withdraw, "userId") VALUES
('b5592cad84380e1946fddf0df426cacf', '167138097bb692ffbf33bcd4907ba0424865c42e36c3163dfabb6bc0ef1d17c2', true, false, false, 1);

TRUNCATE TABLE "billsPreparing" RESTART IDENTITY;
INSERT INTO "billsPreparing" ("pvId", "rangeBegin", "rangeEnd", "totalPower", "incomeWithTax", "meterRentCost", "updateDt") VALUES
('SNTW1','2016-12-31','2017-05-31',29827,150520,1235,'2017-07-13 03:05:06'),
('SNTW1','2017-05-31','2017-07-12',10236,51655,345,'2017-07-13 03:05:06'),
('SNTW1','2017-07-12','2017-09-08',13634,68802,494,'2017-07-13 03:05:06'),
('SNTW1','2017-09-08','2017-11-09',14434,72840,494,'2017-07-13 03:05:06'),
('SNTW1','2017-11-09','2018-01-10',9756,49232,494,'2017-07-13 03:05:06'),
('SNTW1','2018-01-10','2018-03-12',11595,58513,494,'2017-07-13 03:05:06'),
('SNTW1','2018-03-12','2018-05-11',16633,83937,494,'2017-07-13 03:05:06'),
('SNTW1','2018-05-11','2018-07-11',15673,79092,494,'2017-07-13 03:05:06'),
('SNTW1','2018-07-11','2018-09-11',13874,70014,494,'2017-07-13 03:05:06'),

('SNTW2','2016-12-31','2017-07-10',64530,325645,1562,'2017-07-13 03:05:06'),
('SNTW2','2017-07-10','2017-09-06',24279,122521,496,'2017-07-13 03:05:06'),
('SNTW2','2017-09-06','2017-11-07',22761,114862,496,'2017-07-13 03:05:06'),
('SNTW2','2017-11-07','2018-01-08',15773,79597,496,'2017-07-13 03:05:06'),
('SNTW2','2018-01-08','2018-03-08',17410,87858,496,'2017-07-13 03:05:06'),
('SNTW2','2018-03-08','2018-05-09',265595,134209,496,'2017-07-13 03:05:06'),
('SNTW2','2018-05-09','2018-07-09',24838,125343,496,'2017-07-13 03:05:06'),
('SNTW2','2018-07-09','2018-09-07',24558,123929,496,'2017-07-13 03:05:06'),

('SNTW3','2017-12-14','2018-02-12',5512,30169,496,'2017-07-13 03:05:06'),
('SNTW3','2018-02-12','2018-04-17',10464,57273,496,'2017-07-13 03:05:06'),
('SNTW3','2018-04-17','2018-06-14',10784,59025,496,'2017-07-13 03:05:06'),
('SNTW3','2018-06-14','2018-08-15',9825,53776,496,'2017-07-13 03:05:06'),

('SNTW4','2017-06-21','2017-12-21',56058,292963,1518,'2017-07-13 03:05:06'),
('SNTW4','2017-12-21','2017-12-25',1079,5639,33,'2017-07-13 03:05:06'),
('SNTW4','2017-12-25','2018-02-22',12906,67448,498,'2017-07-13 03:05:06'),
('SNTW4','2018-02-22','2018-04-25',20257,105864,498,'2017-07-13 03:05:06'),
('SNTW4','2018-04-25','2018-06-26',22415,117142,507,'2017-07-13 03:05:06'),

('SNTW5','2017-09-06','2017-11-28',131464,664110,799,'2017-07-13 03:05:06'),
('SNTW5','2017-11-28','2017-12-27',34705,175317,296,'2017-07-13 03:05:06'),
('SNTW5','2017-12-27','2018-01-25',36625,185017,296,'2017-07-13 03:05:06'),
('SNTW5','2018-01-25','2018-02-26',42542,214908,296,'2017-07-13 03:05:06'),
('SNTW5','2018-02-26','2018-03-28',59655,301356,296,'2017-07-13 03:05:06'),
('SNTW5','2018-03-28','2018-04-27',63653,321553,296,'2017-07-13 03:05:06'),
('SNTW5','2018-04-27','2018-05-29',62534,315900,296,'2017-07-13 03:05:06'),
('SNTW5','2018-05-29','2018-06-28',60774,307010,296,'2017-07-13 03:05:06'),
('SNTW5','2018-06-28','2018-07-30',55177,278735,296,'2017-07-13 03:05:06'),
('SNTW5','2018-07-30','2018-08-29',51818,261767,296,'2017-07-13 03:05:06'),

('SNTW6','2017-10-06','2018-01-24',32311,168859,597,'2017-07-13 03:05:06'),
('SNTW6','2018-01-24','2018-03-07',12077,63116,228,'2017-07-13 03:05:06'),
('SNTW6','2018-03-07','2018-05-08',24073,125807,326,'2017-07-13 03:05:06'),
('SNTW6','2018-05-08','2018-07-06',22954,119959,326,'2017-07-13 03:05:06'),
('SNTW6','2018-07-06','2018-09-06',20714,108253,326,'2017-07-13 03:05:06'),

('SNTW7','2017-09-11','2018-01-22',24875,129998,692,'2017-07-13 03:05:06'),
('SNTW7','2018-01-22','2018-03-19',9064,47369,300,'2017-07-13 03:05:06'),
('SNTW7','2018-03-19','2018-05-18',14214,74283,322,'2017-07-13 03:05:06'),
('SNTW7','2018-05-18','2018-07-18',14414,75328,322,'2017-07-13 03:05:06'),

('SNTW8','2017-12-26','2018-05-17',123149,622106,1189,'2017-07-13 03:05:06'),
('SNTW8','2018-05-17','2018-06-15',33506,169261,253,'2017-07-13 03:05:06'),
('SNTW8','2018-06-15','2018-07-17',26389,133308,253,'2017-07-13 03:05:06'),
('SNTW8','2018-07-17','2018-08-16',29588,149469,253,'2017-07-13 03:05:06');

TRUNCATE TABLE config RESTART IDENTITY;
INSERT INTO config (field, value) VALUES
('bcTransaction', 'false'),
('schedule', 'true');

TRUNCATE TABLE "eventByPV" RESTART IDENTITY;
INSERT INTO "eventByPV" ("pvId", date, name, content, "updateDt") VALUES
('SNTW1', '2017-12-01', '簽訂工程合約',	'TODO content',	'2018-01-13 03:05:06'),
('SNTW1', '2017-12-05', '取得併聯審查意見書',	'TODO content',	'2018-01-13 03:05:06'),
('SNTW2', '2017-12-15', '取得同意備案函',	'TODO content',	'2018-01-13 03:05:06');

TRUNCATE TABLE pvs;
INSERT INTO pvs (
    id,
    name,
    "projectCode",
    location,
    capacity,
    decay,
    "annualAmount",
    stage,
    status,
    "totalCapital",
    "ownedCapital",
    "loanAmount",
    "loanPeriod",
    "loanRate",
    "loanBeginDate",
    "validityDateBegin",
    "validityDateEnd",
    "sellPrice",
    "operationRateByCapital",
    "operationRateByIncome",
    "serviceRateByIncome",
    "rentRateByIncome",
    "rentYearCost",
    "rentWithTax", 
    "owner") VALUES
('SNTW1', '金耘鋼鐵', 'T0028', '台南市永康區永科環路189號', 60.775, 0.007, 1300, 7, 0, 3038750, 607750, 2279063, 15, 0.0266, '2016-12-31', '2016-12-31','2036-12-31', 4.8061, 0, 0.1, 0.03, 0.05, 0, false, '東迪股份有限公司'),
('SNTW2', '鹽水牛舍', 'T0026', '台南市鹽水區南港里12鄰頭港200之81號', 99, 0.007, 1300, 7, 0, 4950000, 990000, 3712500, 15, 0.0266, '2016-12-31', '2016-12-31','2036-12-31', 4.8061, 0, 0.1, 0.03, 0.05, 0, false, '東迪股份有限公司'),
('SNTW3', '鹽水豬舍', 'T0041', '台南市鹽水區岸內里岸內1之12號', 39.6, 0.007, 1250, 7, 0, 1980000, 396000, 1485000, 15, 0.0266, '2017-12-14', '2017-12-14','2037-12-14', 5.2127, 0, 0.1, 0.03, 0.05, 0, false, '東迪股份有限公司'),
('SNTW4', '光田養護', 'T6016', '彰化縣田尾鄉光復路二段560號', 75.75, 0.01, 1300, 7, 0, 3781250, 756250, 2835938, 15, 0.0266, '2017-06-21', '2017-06-21','2037-06-21', 4.9772, 0, 0.1, 0.03, 0.05, 0, false, '東迪股份有限公司'),
('SNTW5', '台南森鉅', 'T6149', '台南市仁德區義林路256巷168號', 461.97, 0.007, 1351, 7, 0, 23100000, 4620000, 17325000, 15, 0.0266, '2017-09-06', '2017-09-06','2037-09-06', 4.8111, 0, 0.1, 0.03, 0.05, 0, false, '東迪股份有限公司'),
('SNTW6', '台中益多', 'T6012', '台中市太平區工業二十路87號', 99.75, 0.01, 1300, 7, 0, 4991250, 998250, 3743438, 15, 0.0266, '2017-10-06', '2017-10-06','2037-10-06', 4.9772, 0, 0.1, 0.03, 0.05, 0, false, '東迪股份有限公司'),
('SNTW7', '南投竹山', 'T6014', '南投縣竹山鎮集山路二段621號', 63, 0.01, 1150, 7, 0, 3148750, 629750, 2361563, 15, 0.0266, '2017-09-11', '2017-09-11','2037-09-11', 4.9442, 0, 0.1, 0.03, 0.05, 0, false, '東迪股份有限公司'),
('SNTW8', '官田華宏', 'T6108', '台南市官田區二鎮里力行街6號', 254.88, 0.007, 1300, 7, 0, 12746250, 2549250, 9559688, 15, 0.0266, '2017-12-26', '2017-12-26','2037-12-26', 4.8111, 0, 0.1, 0.03, 0.05, 0, false, '東迪股份有限公司');

TRUNCATE TABLE "userAssets";
INSERT INTO "userAssets" ("userId", "pvId", amount, "lockAmount") VALUES
(1, 'SNTW1', 60775.0, 0.0),
(1, 'SNTW2', 99000.0, 0.0),
(1, 'SNTW3', 39600.0, 0.0),
(1, 'SNTW4', 75625.0, 0.0),
(1, 'SNTW5', 462000.0, 0.0),
(1, 'SNTW6', 99825.0, 0.0),
(1, 'SNTW7', 62975.0, 0.0),
(1, 'SNTW8', 254925.0, 0.0);

TRUNCATE TABLE users RESTART IDENTITY;
INSERT INTO users (id, name, email, pwd, sttw, "lockSttw") VALUES
(1, 'admin@sola.com', 'admin@sola.com', '7110eda4d09e062aa5e4a390b0a572ac0d2c0220', 0, 0.0),
(2, '測試', 'test@sola.com', '7110eda4d09e062aa5e4a390b0a572ac0d2c0220', 0, 0.0),
(3, 'ngo1', 'ngo1@mail.com', '7110eda4d09e062aa5e4a390b0a572ac0d2c0220', 0, 0.0),
(4, 'ngo2', 'ngo2@mail.com', '7110eda4d09e062aa5e4a390b0a572ac0d2c0220', 0, 0.0),
(5, 'ngo3', 'ngo3@mail.com', '7110eda4d09e062aa5e4a390b0a572ac0d2c0220', 0, 0.0),
(6, 'ngo4', 'ngo4@mail.com', '7110eda4d09e062aa5e4a390b0a572ac0d2c0220', 0, 0.0),
(7, 'ngo5', 'ngo5@mail.com', '7110eda4d09e062aa5e4a390b0a572ac0d2c0220', 0, 0.0),
(8, 'ngo6', 'ngo6@mail.com', '7110eda4d09e062aa5e4a390b0a572ac0d2c0220', 0, 0.0),
(9, 'ngo7', 'ngo7@mail.com', '7110eda4d09e062aa5e4a390b0a572ac0d2c0220', 0, 0.0),
(10, 'ngo8', 'ngo8@mail.com', '7110eda4d09e062aa5e4a390b0a572ac0d2c0220', 0, 0.0),
(11, 'ngo9', 'ngo9@mail.com', '7110eda4d09e062aa5e4a390b0a572ac0d2c0220', 0, 0.0),
(12, 'ngo10', 'ngo10@mail.com', '7110eda4d09e062aa5e4a390b0a572ac0d2c0220', 0, 0.0),
(13, 'ngo11', 'ngo11@mail.com', '7110eda4d09e062aa5e4a390b0a572ac0d2c0220', 0, 0.0),
(14, 'ngo12', 'ngo12@mail.com', '7110eda4d09e062aa5e4a390b0a572ac0d2c0220', 0, 0.0),
(15, 'ngo13', 'ngo13@mail.com', '7110eda4d09e062aa5e4a390b0a572ac0d2c0220', 0, 0.0),
(16, 'ngo14', 'ngo14@mail.com', '7110eda4d09e062aa5e4a390b0a572ac0d2c0220', 0, 0.0),
(17, 'ngo15', 'ngo15@mail.com', '7110eda4d09e062aa5e4a390b0a572ac0d2c0220', 0, 0.0),
(18, 'ngo16', 'ngo16@mail.com', '7110eda4d09e062aa5e4a390b0a572ac0d2c0220', 0, 0.0),
(19, 'ngo17', 'ngo17@mail.com', '7110eda4d09e062aa5e4a390b0a572ac0d2c0220', 0, 0.0),
(20, 'ngo18', 'ngo18@mail.com', '7110eda4d09e062aa5e4a390b0a572ac0d2c0220', 0, 0.0),
(21, 'ngo19', 'ngo19@mail.com', '7110eda4d09e062aa5e4a390b0a572ac0d2c0220', 0, 0.0),
(22, 'ngo20', 'ngo20@mail.com', '7110eda4d09e062aa5e4a390b0a572ac0d2c0220', 0, 0.0),
(23, 'chris', 'chris', '7110eda4d09e062aa5e4a390b0a572ac0d2c0220', 0, 0.0),
(24, 'goodkevin', 'goodkevin', '7110eda4d09e062aa5e4a390b0a572ac0d2c0220', 0, 0.0),
(25, 'andrew', 'andrew', '7110eda4d09e062aa5e4a390b0a572ac0d2c0220', 0, 0.0);